CAR_DRIVER,CAR_PASSENGER,BIKE,BUS_TRAM,TRAIN,WALK
"0.006967013486860492","0.001970992736206378","2.967801351613925E-4","0.008164780848498398","0.08036087399753526","0.902239558795738"
"0.008609266236669008","0.0032954956680928964","2.6209634501990335E-4","0.008975136769057198","0.07657204589479959","0.9022859590863614"
"0.006546618711353993","0.0038827303657989736","0.0025707453964097385","0.010630271724594928","0.07439194286877622","0.9019776909330661"
"0.006107292943733835","0.0018289931352855906","2.635666963511986E-4","0.008210501934819158","0.08125308659230891","0.9023365586975013"
"0.007364732592601465","0.0019948923303775923","1.996223145808131E-4","0.008289649316825898","0.0798475950168947","0.9023035084287195"
