CAR_DRIVER,CAR_PASSENGER,BIKE,BUS_TRAM,TRAIN,WALK
"0.01107914224107543","0.002959670006770661","5.121226753288559E-4","0.014222378297704227","0.06934274042829418","0.9018839463508267"
"0.01223050472439479","0.005352009297204722","7.712212154978232E-4","0.03119722785863781","0.04846194555178219","0.9019870913524827"
"0.00726761208172304","0.004597985669722231","0.007946330661045279","0.011932138788633726","0.06759238557603245","0.9006635472228433"
"0.01120820693956638","0.0026251780373402985","5.638680282838331E-4","0.01229870642822851","0.07158198228869245","0.9017220582778885"
"0.005530891011104368","0.01481469651963759","0.018200304491786175","0.049353487282676974","0.009927922748517466","0.9021726979462774"
