CAR_DRIVER,CAR_PASSENGER,BIKE,BUS_TRAM,TRAIN,WALK
"0.06970699715625445","0.0013281448382495079","0.3832422421850176","0.46988009471175","0.06209974513977428","0.013742775968954115"
"0.025403776334033935","0.0014902733408578177","0.5152556928840445","0.22985438926046017","0.01734885557376853","0.21064701260683505"
"0.018561682471769002","0.00504486094702896","0.0456578541247592","0.128565460795896","0.018354140723948188","0.7838160009365986"
"0.04299046783392494","0.00208723859663117","0.1343290923835733","0.3158284475996756","0.0333320038819979","0.4714327497041971"
"0.018407110236586872","0.0015249516389573958","0.6473878389427711","0.12405155852184722","0.010307715829848902","0.1983208248299885"
