CAR_DRIVER,CAR_PASSENGER,BIKE,BUS_TRAM,TRAIN,WALK
"0.04309611304037992","0.01320071899978196","0.17543036285025979","0.28779402145299643","0.043996192279261215","0.43648259137732065"
"0.01122353710988932","0.020856441397948136","0.23786610489132892","0.07227803623344532","0.003504446058129916","0.6542714343092584"
"0.009421370809452776","0.15137268574272472","0.04470360606959838","0.06579257281934521","0.0028024586051846813","0.7259073059536942"
"0.011408502585829733","0.0205842419310011","0.21508198988540964","0.08277181797992773","0.004035995494579","0.6661174521232528"
"0.010482763393237374","0.11080295545524231","0.04075328975385402","0.08140676901456435","0.00771335491014394","0.748840867472958"
