CAR_DRIVER,CAR_PASSENGER,BIKE,BUS_TRAM,TRAIN,WALK
"0.08827363511331698","0.0057020603692851494","0.4207073425156305","0.07767612137641439","0.0065525191519331324","0.40108832147341983"
"0.03694708000813601","0.07597602268512425","0.08400435516098541","0.2250857804525592","0.0383243531402758","0.5396624085529194"
"0.07394609628853589","0.04300437675163131","0.22191805955147603","0.44051234052510385","0.061578980956078264","0.1590401459271747"
"0.05980290773561883","0.02322759185366152","0.19387695424131174","0.07913065669951538","0.002631795815178816","0.6413300936547137"
"0.036767286767286765","0.09299514981333164","0.03969228969228969","0.0700285586649223","0.002373241009604646","0.758143474052565"
