CAR_DRIVER,CAR_PASSENGER,BIKE,BUS_TRAM,TRAIN,WALK
"0.0920368492875831","0.06295551696233884","0.08678690210595831","0.2282179013764668","0.03332806256884659","0.49667476769880636"
"0.09408447485247395","0.003482690853717683","0.41845706563696305","0.367099002230995","0.03092831450253063","0.08594845192331968"
"0.09408447485247395","0.07555087240010683","0.02453031508984439","0.05305090894112113","5.261906059031676E-4","0.7522572381105506"
"0.09195906316189505","0.07810261848004316","0.02236856442024306","0.06533709641842529","0.001930707146406865","0.7403019503729866"
"0.09408447485247395","0.01693642793646913","0.24388137325118028","0.47075722282976273","0.05021532623153184","0.12412517489858207"
