CAR_DRIVER,CAR_PASSENGER,BIKE,BUS_TRAM,TRAIN,WALK
"0.09408447485247395","0.003833484590986461","0.46450671623842815","0.29653099541709244","0.028292046416389507","0.11275228248462953"
"0.09408447485247395","0.006064479609449639","0.4705632232629398","0.07401747856371224","0.006000698929946225","0.3492696447814781"
"0.09408447485247395","0.06540044300996972","0.039385898357514625","0.12495432373212646","0.01614979955592702","0.6600250604919882"
"0.09408447485247395","0.004277291819197719","0.4663085204343996","0.23340406787858817","0.016511223406446368","0.1854144216088942"
"0.09408447485247395","0.011218755771819303","0.19650428725755037","0.07261430361463714","0.0031757463336075016","0.6224024321699118"
