CAR_DRIVER,CAR_PASSENGER,BIKE,BUS_TRAM,TRAIN,WALK
"0.01216310268240329","0.0016767515732853551","0.1900784214049315","0.755469736630235","0.0012203025338910086","0.03939168517525381"
"0.004396531758053653","0.008887569648357324","0.07577528305252144","0.7573894477913518","9.96973141623429E-4","0.15255419460809239"
"0.025453674631472512","0.0089737108190091","0.20733196743121707","0.7184569740833378","0.004946516949603534","0.03483715608536001"
"0.005106299144468598","0.0070005284673515","0.06999330430534498","0.7574002068610237","0.0011234923039446028","0.1593761689178666"
"0.019768408590564744","0.012574575493345572","0.1555586594036621","0.7531270161156228","0.0012238029677221968","0.05774753742908261"
