CAR_DRIVER,CAR_PASSENGER,BIKE,BUS_TRAM,TRAIN,WALK
"0.03096639180575905","0.0037001188611664347","0.5922809378066259","0.24524754765747775","0.023091507143635875","0.10471349672533498"
"0.011317648216639204","0.018664145131881856","0.22821219725955982","0.08838670980938208","0.004150690961707515","0.6492686086208296"
"0.007378252185865425","0.0911576737149267","0.018986524876485795","0.05699017874131941","7.118782541817857E-4","0.8247754922272209"
"0.038438732287631054","0.003880833548270443","0.5358940541747877","0.2565112649204024","0.022341050683500008","0.14293406438540837"
"0.010081581128195306","0.039887358716197974","0.13775145756597457","0.0689109790666523","0.0028013999018312854","0.7405672236211486"
