CAR_DRIVER,CAR_PASSENGER,BIKE,BUS_TRAM,TRAIN,WALK
"0.03555699757457129","0.11282232670950172","0.09086581422067146","0.24204555125313817","0.03053859410237862","0.4881707161397387"
"0.017539754916688157","0.003867147722650133","0.6097358002961845","0.22590576868368087","0.020016377882414248","0.12293515049838215"
"0.028504927713567507","0.13443281418330297","0.09420910529745834","0.20456993895221248","0.019279928711080373","0.5190032851423784"
"0.03524783697692598","0.003565597962211575","0.6022723042643594","0.27400197822884703","0.02676857381399331","0.05814370875366265"
"0.017966053928736646","0.004591546449859887","0.5247137927183976","0.19428462802358784","0.0171192632256212","0.24132471565379687"
