CAR_DRIVER,CAR_PASSENGER,BIKE,BUS_TRAM,TRAIN,WALK
"0.0025353976939066565","0.19526423930745293","0.1482448629566945","0.32548034733883113","0.03323847785588448","0.2952366748472303"
"0.0013396953325067883","0.20001811118938578","0.41169130543056026","0.32223934203114324","0.03891508648758784","0.0257964595288161"
"2.597139683495244E-4","0.20101594776952317","0.10028555217853403","0.06806237397213202","0.002991372168784778","0.6273850399426765"
"0.0015871008115251213","0.19484857966460511","0.031855190365552455","0.11268415761828361","0.013374519842088796","0.6456504516979449"
"3.862387141713648E-4","0.20089474195924248","0.4348888098653359","0.2202932484140905","0.022423155144100336","0.12111380590305941"
