CAR_DRIVER,CAR_PASSENGER,BIKE,BUS_TRAM,TRAIN,WALK
"0.011939413361133014","0.01587001876212524","0.32565384876211195","0.10692017919092822","0.0059677121243752055","0.5336488277993263"
"0.014784245043970785","0.09694600004258672","0.04217948171965164","0.11420027468432596","0.016244170943082854","0.7156458275663821"
"0.029754037544577203","0.12312882114069776","0.10560110415841163","0.24299596046091698","0.023549794831836567","0.47497028186355983"
"0.010590292785753708","0.031164426830160324","0.11058031825405797","0.07152936169646835","0.002818137688435528","0.7733174627451241"
"0.009421562366964667","0.08137771392081737","0.0842632503192848","0.0681992337164751","0.002691304810557684","0.7540469348659004"
