CAR_DRIVER,CAR_PASSENGER,BIKE,BUS_TRAM,TRAIN,WALK
"0.01932311214032846","0.07100934280923102","0.22236684500519044","0.2663831882669222","0.010997098671777263","0.40992041310655064"
"0.014886449926126291","0.002336563562641048","0.16637210273432462","0.7499185460909438","0.001587852529193746","0.06489848515677052"
"0.009490959977014185","0.002879877834651116","0.1412576752402337","0.7441551116833917","0.0012530461525364208","0.1009633291121729"
"0.005865820682606937","0.034286041263014454","0.1643228224072221","0.34944615368237275","4.710754359443865E-4","0.4456080865288394"
"0.021106712955883858","0.0020955133941333603","0.21083444247509917","0.740959441976484","0.004746816508284325","0.02025707269011532"
