CAR_DRIVER,CAR_PASSENGER,BIKE,BUS_TRAM,TRAIN,WALK
"0.02094133579169876","0.012237285475024577","0.04440089980431518","0.14124958927471568","0.019112194849405163","0.7620586948048407"
"0.04311587074544169","0.027508069104502215","0.16544987583947932","0.34113302457155315","0.03387694549167034","0.3889162142473533"
"0.01267356170831793","0.002842941447107726","0.2857608259157117","0.0849398567625572","0.0029985186918746127","0.6107842954744308"
"0.026277987779412273","0.0072740960249838395","0.06540568148264406","0.17368982477794656","0.024643344514701147","0.7027090654203121"
"0.0228869445855823","0.00583512674475211","0.05937012021398568","0.14992165740477184","0.018917941119354745","0.7430682099315533"
