CAR_DRIVER,CAR_PASSENGER,BIKE,BUS_TRAM,TRAIN,WALK
"0.012228719740666576","0.023142423299587014","0.15455628508593477","0.03139950165008603","0.026771016990168626","0.751902053233557"
"0.03056145751982683","0.09963905256953859","0.1763107793298059","0.10817513334300118","0.041054610428227604","0.5442589668096"
"0.05675959804311162","0.016557263971271326","0.6863742143672608","0.01858007307098837","0.06786112525069143","0.15386772529667644"
"0.01138099816100941","0.051782943262552804","0.04809565410488496","0.03593810460306126","0.015912653930692792","0.8368896459377988"
"0.06083845465056407","0.05743104349804483","0.4555845752444462","0.1280593190233596","0.07080789305971152","0.22727871452387383"
