CAR_DRIVER,CAR_PASSENGER,BIKE,BUS_TRAM,TRAIN,WALK
"9.49584140746216E-4","0.032645450852694595","0.06590220481983872","0.7611802545098587","2.5970393751123717E-4","0.13906280173935048"
"8.776521008380978E-4","0.015633927180179714","0.0459109269684245","0.761222693233289","8.044034429532794E-4","0.1755503970743154"
"0.0022627025644850252","0.008388913156969496","0.05395593390085128","0.7611630211274358","0.0010694232838619631","0.1731600059663964"
"0.01020136373321969","0.018250585979117835","0.14082276795226933","0.7610030897080758","0.001008150436820797","0.06871404219049648"
"0.0036450953025282604","0.0015794969049318659","0.1422306331838183","0.7611150768706251","0.0012199149788512556","0.09020978275924525"
