CAR_DRIVER,CAR_PASSENGER,BIKE,BUS_TRAM,TRAIN,WALK
"0.0077796316549978844","0.13418833441106578","0.7833105812038138","0.07454050012107859","0.0","1.8095260904390495E-4"
"0.07717478996734375","0.026947711471418147","0.28705991496352257","0.6086966345597921","7.310106687684331E-5","4.7847971046661074E-5"
"0.008158160821669948","0.14030786014581448","0.7251104252035548","0.12627055505295087","0.0","1.529987760097919E-4"
"0.06547611927801635","0.06322340904831963","0.380517977159246","0.4907572428953241","6.645162919459296E-6","1.860645617448603E-5"
"0.07491582603471171","0.0234916145051714","0.27801932977186294","0.6229989990841553","5.383411913424102E-4","3.5889412756160686E-5"
