CAR_DRIVER,CAR_PASSENGER,BIKE,BUS_TRAM,TRAIN,WALK
"0.02601872539631876","0.01321816150654325","0.927561442706671","0.0047425258006170866","0.018972763059899988","0.009486381529949994"
"0.036346909582077015","0.00929677903099724","0.8514230333583268","0.012730724438843068","0.01946567118144739","0.07073688240830847"
"0.02541314316044042","0.015482808482221841","0.7886122407171657","0.017950426811504556","0.017107046746402","0.13543433408226546"
"0.02885386480336522","0.021837226220098493","0.7311999702098742","0.014234094533112921","0.017832848135523795","0.18604199609802546"
"0.07491943253928703","0.010218279677065683","0.8051337253729359","0.024899166085252","0.020165454001794078","0.06466394232366524"
