CAR_DRIVER,CAR_PASSENGER,BIKE,BUS_TRAM,TRAIN,WALK
"0.03955890820072788","0.035001987918244035","0.6252142497171039","0.014678681937070087","0.016884672817910677","0.26866149940894335"
"0.06379099074194672","0.010923333324473105","0.8256984740027591","0.028342986552830445","0.017063472022497892","0.054180743355492764"
"0.09330378142215914","0.014139473327539884","0.4653642033873081","0.06880785145381052","0.01913698852205896","0.3392477018871234"
"0.011464783410457074","0.010202153788021915","0.9170536158572443","0.010816837545203205","0.013388663741375135","0.037073945657698316"
"0.03311782153602344","0.005868408842232335","0.9151553586124285","0.012938684832941796","0.015863582760651616","0.01705614341572239"
