CAR_DRIVER,CAR_PASSENGER,BIKE,BUS_TRAM,TRAIN,WALK
"0.04106049564620712","0.024058894556828036","0.6672114448634818","0.021742368229280256","0.01790321122145566","0.22802358548274707"
"0.04298741176939744","0.009036408831700541","0.916594664291696","0.005711893019978998","0.019011285541480013","0.006658336545746986"
"0.06202753707936846","0.009101057891659136","0.8553240125458509","0.01386422837701345","0.019763702089203125","0.039919462016905"
"0.09347801244282863","0.01824567278177745","0.4078255346403353","0.06233772101169073","0.02108530592828232","0.3970277531950856"
"0.09112809569240664","0.012829234976308104","0.4418027101509744","0.08268777455625861","0.020971912545942082","0.35058027207811016"
