CAR_DRIVER,CAR_PASSENGER,BIKE,BUS_TRAM,TRAIN,WALK
"0.07542189746874808","0.009483888287876411","0.7585489225633079","0.040705231289388834","0.020122695146683963","0.09571736524399482"
"0.031164540259850815","0.022920501824914608","0.7413901805760984","0.010240537578343638","0.019161603371037596","0.17512263638975495"
"0.032830556556734954","0.011713133951596708","0.921422121025521","0.005253421041081753","0.019113142729464776","0.009667624695600825"
"0.04811522771590243","0.010458329511816132","0.8903284378036445","0.009666112380519435","0.019522303703615088","0.02190958888450245"
"0.09273324492610732","0.012991344418784499","0.38173318911793863","0.08014584534759188","0.021231021900719925","0.41116535428885775"
