CAR_DRIVER,CAR_PASSENGER,BIKE,BUS_TRAM,TRAIN,WALK
"0.07414558820793456","0.005829853848341409","0.7865571835972072","0.028829006014569985","0.02020050338469062","0.08443786494725623"
"0.09398614630490619","0.024866492421393636","0.31764240033272256","0.06906118826063443","0.0221730874765307","0.4722706852038125"
"0.030515261619211333","0.01108243893424588","0.8955012157977934","0.00736258958947381","0.0187707479981547","0.036767746061120925"
"0.05116130035858115","0.005714430066039028","0.8798188081597488","0.014832522525996136","0.019552444986312225","0.028920493903322693"
"0.0841885788019609","0.0075121625805800035","0.7088688168842265","0.03398346606636696","0.020274732795313836","0.14517224287155173"
