CAR_DRIVER,CAR_PASSENGER,BIKE,BUS_TRAM,TRAIN,WALK
"0.08120570392543638","0.03908023670652538","0.3035686751984517","0.05250131592239514","0.021230214641564008","0.5024138536056274"
"0.07335260307651417","0.010089371739924914","0.8108747798930197","0.025858666400877105","0.02010830924615436","0.05971626964350975"
"0.09320249018344175","0.020290875749945186","0.36016769538439053","0.06895044216037366","0.021162572835208057","0.43622592368664087"
"0.07459251468861727","0.030414312742899005","0.3799960910129196","0.04736389345749907","0.020164523150111753","0.4474686649479533"
"0.05475377546938358","0.005721515689977579","0.8665245480268413","0.016927978012368044","0.019582070191900034","0.03649011260952948"
