CAR_DRIVER,CAR_PASSENGER,BIKE,BUS_TRAM,TRAIN,WALK
"0.09366944292373354","0.012473225153207932","0.4381733574993489","0.09073949070653704","0.020274472077090298","0.34467001164008226"
"0.07591111418375975","0.03175538053276182","0.3706212541015428","0.04824132227888896","0.019664803577981164","0.45380612532506553"
"0.04883955868669414","0.0065838096504054235","0.8831038149674332","0.01518676060082414","0.018151003588993752","0.028135052505649343"
"0.08616288603080406","0.007607336528636141","0.49527946497502534","0.07935946890825087","0.020078053265972416","0.3115127902913112"
"0.0935200367808272","0.008977285713146753","0.49459582282484194","0.07988668103528461","0.01999691721390549","0.303023256431994"
