CAR_DRIVER,CAR_PASSENGER,BIKE,BUS_TRAM,TRAIN,WALK
"0.024986232564573926","0.014803651097271255","0.8000795451824617","0.013734180751129994","0.017711439874217517","0.12868495053034557"
"0.019071228511619617","0.010743192741761734","0.931166696368487","0.006188174774376993","0.018744065177319868","0.014086642426434797"
"0.09346821408354881","0.011139222340631917","0.42139294095135843","0.06043855289768605","0.020974904526646167","0.3925861652001286"
"0.06681470056376981","0.02668732049781938","0.443947452398681","0.04289437293904904","0.019524518668226784","0.400131634932454"
"0.061669834265892266","0.02447070081471538","0.7144336199678367","0.014485453409710131","0.020773248627742852","0.16416714291410267"
