CAR_DRIVER,CAR_PASSENGER,BIKE,BUS_TRAM,TRAIN,WALK
"0.09403132428622112","0.00584257599534401","0.33732272625199483","0.08675235423789396","0.021304075718296685","0.4547469435102494"
"0.03754708520776036","0.0063640706101817145","0.6838242436096508","0.022219028877153345","0.01734385540533528","0.23270171628991848"
"0.09288150727980855","0.004209625532016674","0.651933863168567","0.061329247728755545","0.020561788346725382","0.16908396794412678"
"0.08235954055501868","0.014005069792728688","0.3369524617206722","0.056292777206935006","0.020994312101970093","0.48939583862267527"
"0.02419608030948846","0.004670796017517813","0.8085399339091011","0.013932568126307051","0.017758603257717255","0.13090201837986834"
