CAR_DRIVER,CAR_PASSENGER,BIKE,BUS_TRAM,TRAIN,WALK
"0.0937180260601728","0.03313596415463893","0.3809831961582107","0.07071804997834077","0.02098952118485289","0.4004552424637839"
"0.044035667800729365","0.02396289102229171","0.6436596854671128","0.0353354259648507","0.01754274007096866","0.2354635896740467"
"0.015861003080426258","0.007992349476753157","0.9357007570719458","0.006799282829948766","0.018666106266725543","0.0149805012742005"
"0.08917762838801238","0.012025890879325167","0.6611170391592242","0.046053182343068766","0.020602144993708","0.17102411423666156"
"0.08459051509348968","0.04507117865690067","0.282629696907685","0.04194178937283318","0.02206119783188469","0.5237056221372067"
