CAR_DRIVER,CAR_PASSENGER,BIKE,BUS_TRAM,TRAIN,WALK
"0.04428203781163343","0.028573518556694176","0.594890176024259","0.01791497369943542","0.019940549419126596","0.29439874448885134"
"0.026961667369070394","0.009048378112124906","0.9345554715034586","0.005268692691500295","0.018385251382981978","0.0057805389408638105"
"0.09262770725562446","0.005292594221597983","0.6091213868377447","0.07035177214870289","0.020565774734539792","0.20204076480179015"
"0.03191121467979719","0.02928298192690959","0.7239291547624748","0.007949872046563347","0.019904606855750455","0.18702216972850463"
"0.04919074575829529","0.011949362780420488","0.9037496643063971","0.006085028198262636","0.0195566451379601","0.009468553818664299"
