CAR_DRIVER,CAR_PASSENGER,BIKE,BUS_TRAM,TRAIN,WALK
"0.033468302250590075","0.15163458661613644","0.28117549283600946","0.14184767793623881","0.02115754130514278","0.37071639905588244"
"0.030996060656840917","0.05990807312655107","0.608093873935699","0.053722426592827256","0.019219259956749682","0.228060305731332"
"0.0021823449756133936","0.1253470248073638","0.7282467873991215","0.0656447770852446","0.019870124509504986","0.05870894122315176"
"0.01904314735328583","0.14944687484620633","0.5352498407196413","0.12158777578113882","0.020716422436783323","0.1539559388629444"
"0.05897483616254802","0.13842503356507638","0.1864330625972058","0.10818323208422508","0.0237042551211666","0.48427958046977815"
