CAR_DRIVER,CAR_PASSENGER,BIKE,BUS_TRAM,TRAIN,WALK
"0.0021422313822917747","0.029071238180448045","0.827172920278104","0.05655410964922792","0.019650213158013862","0.06540928735191442"
"0.05567172015924816","0.1186930485121995","0.2964660999488226","0.15725821995653244","0.021675295931728","0.3502356154914693"
"0.05083260764071235","0.10800965226582288","0.30900678716487956","0.11101435209498042","0.022202870418996084","0.39893373041460867"
"0.0","0.01288319617273312","0.9412524656277178","0.017085251783709343","0.01737559984177363","0.011403486574066058"
"0.05778854043242999","0.10758088946159687","0.3300579933322961","0.11334165798960881","0.020715893843344862","0.3705150249407234"
