CAR_DRIVER,CAR_PASSENGER,BIKE,BUS_TRAM,TRAIN,WALK
"0.03759452512598915","0.06842794271817278","0.5467224194174964","0.05391191668484884","0.020486874244996355","0.2728563218084965"
"0.015779953181527983","0.10054000851244946","0.5067181847201532","0.1601763673121941","0.020746435411789742","0.1960390508618855"
"0.06220687693781837","0.09740755950173897","0.2333754619865321","0.14452653108416827","0.022441149461032324","0.44004242102870994"
"0.03406971949938154","0.05148895420750928","0.6451727027278652","0.05157407530557144","0.018449998004974263","0.19924455025469828"
"0.0","0.014416180644439502","0.9325819800405688","0.019891505721055427","0.018811357670183253","0.014298975923753001"
