CAR_DRIVER,CAR_PASSENGER,BIKE,BUS_TRAM,TRAIN,WALK
"0.0","0.011272963135119728","0.9557179255297187","0.010274059265632513","0.017131867297618748","0.005603184771910291"
"0.06014656796215234","0.10532927278310308","0.33481726859316824","0.12464524464992377","0.0211676784809891","0.3538939675306635"
"0.07364997421433471","0.11851038604065096","0.20092881561388493","0.08379942474041545","0.024530940140040088","0.4985804592506739"
"0.04222701128387525","0.05503767725481165","0.5928833183139013","0.040481917446811906","0.018680890091035064","0.2506891856095649"
"0.0014780371666426985","0.026138621244320877","0.8587142940841229","0.04055813879168464","0.019504764339623646","0.05360614437360518"
