CAR_DRIVER,CAR_PASSENGER,BIKE,BUS_TRAM,TRAIN,WALK
"8.89570715545115E-4","0.01851985021120646","0.7182511146267798","0.22143918692171244","0.01246730694451103","0.02843297058024514"
"0.004740831862224317","0.03678704465514808","0.5595486291394078","0.28004590392659634","0.013630058018942025","0.10524753239768138"
"0.03708693018828995","0.056252703880942716","0.4571019720859651","0.178760308026117","0.014850213315407297","0.25594787250327794"
"0.006264023809682338","0.01681725269823092","0.811895519704909","0.11433974073013696","0.011153797497852735","0.039529665559187965"
"0.0010294601393833094","0.02222062409522706","0.6654707349652873","0.2454470027794092","0.012860926993563544","0.05297125102712954"
