CAR_DRIVER,CAR_PASSENGER,BIKE,BUS_TRAM,TRAIN,WALK
"0.026887690566540178","0.03801744224752014","0.716414353238799","0.01174489048665202","0.01984688103322016","0.1870887424272685"
"0.0","0.01391539683786991","0.9204899157324695","0.025519996057659394","0.01888727436426428","0.021187417007736842"
"0.0720364608323841","0.10393968916847983","0.2167500255858495","0.13774889715020155","0.02187889187353546","0.44764603538954956"
"0.07156574912979972","0.12447684981519458","0.21267309310179383","0.14280853733255539","0.023775506271156932","0.42470026434949953"
"0.04245011403456278","0.0578244998104965","0.525757182847606","0.04497017813329078","0.022688555983323692","0.30630946919072033"
