CAR_DRIVER,CAR_PASSENGER,BIKE,BUS_TRAM,TRAIN,WALK
"0.0033876826786253863","0.007972035977323159","0.946549156007779","0.014232260589336986","0.01800064159648373","0.009858223150451713"
"0.030549332198724896","0.045079411510513964","0.5020137083746069","0.16155007013741615","0.020670261070742393","0.24013721670799568"
"0.048839936810863425","0.0813334077986458","0.3954440526150622","0.09569723467743223","0.0221707170477695","0.35651465105022684"
"0.005610799991482657","0.009636575602069715","0.9048226795562464","0.03352905478781168","0.018991014202670187","0.027409875859719355"
"0.014661691641558753","0.028533232236566435","0.743453651788149","0.09560162552959409","0.020135549480881403","0.09761424932325026"
