CAR_DRIVER,CAR_PASSENGER,BIKE,BUS_TRAM,TRAIN,WALK
"6.712553540605622E-4","0.09823502461269631","0.8672392758966053","0.010120772689496451","0.016188707993266136","0.0075449634538751675"
"3.86207851738801E-4","0.11346653508964684","0.8263423053412546","0.026909365007704182","0.019331700606346328","0.013563886103309268"
"0.019711455911107442","0.12963054164243054","0.47648241888274684","0.06640453939828747","0.023043063321837535","0.28472798084359013"
"0.03658384085098005","0.11800882801337771","0.3944655965560637","0.045485021910394864","0.022067372801311165","0.3833893398678725"
"9.667612565765733E-4","0.11483951896303536","0.8190332121108819","0.02586152942696092","0.019389821841613614","0.019909156400931605"
