CAR_DRIVER,CAR_PASSENGER,BIKE,BUS_TRAM,TRAIN,WALK
"0.03966410553340398","0.10157669904977923","0.4180200255005378","0.15542165631178195","0.021033290300621826","0.2642842233038752"
"0.048684886509738574","0.06160177389258154","0.5230028402511773","0.05046703099254401","0.019600927407226004","0.29664254094673265"
"0.01783402369265283","0.06556395459462624","0.5282426374608971","0.15460367431716965","0.020537801663515362","0.2132179082711389"
"0.051870816119272835","0.11726297767356292","0.2591852631690886","0.12971293061736666","0.02319710963296167","0.4187709027877473"
"0.046372418011262025","0.0625102215839965","0.5247226044928432","0.07193069932254997","0.021548096292307386","0.2729159602970409"
