CAR_DRIVER,CAR_PASSENGER,BIKE,BUS_TRAM,TRAIN,WALK
"5.873257500389553E-4","0.07933958482328952","0.7698309007925568","0.06267604789701423","0.019843885885669918","0.06772225485143056"
"0.016483860274589","0.15077233981087892","0.31198854037560625","0.18520313275884334","0.021141995236694227","0.31441013154338826"
"0.029067260133210523","0.050466396554202625","0.6599817381257886","0.02810891104923252","0.01908445717510635","0.21329123696245933"
"5.3274873039318185E-5","0.06597160715641369","0.8869840162062164","0.015634843365213907","0.018730113488798293","0.01262614491031841"
"0.05230955485192773","0.11069499507756167","0.24330947502860337","0.10122794880664131","0.023996221695979564","0.4684618045392864"
