CAR_DRIVER,CAR_PASSENGER,BIKE,BUS_TRAM,TRAIN,WALK
"0.06055056852184321","0.058450694860030586","0.4625626703903185","0.16045082784759626","0.020691535341445574","0.23729370303876587"
"0.05665596548669977","0.06640272786996869","0.4751363801995367","0.03881682363799335","0.021915254102045104","0.3410728487037564"
"0.041998140991666426","0.01219008759711188","0.903957450548514","0.01547264887380849","0.017408893943308235","0.008972778045590981"
"0.05952832183596197","0.07148984387779937","0.3813203956319298","0.1770023313929441","0.020890770317231695","0.289768336944133"
"0.07977634911875968","0.08865590075325935","0.31218046312486286","0.11069388949093496","0.020754854965993632","0.3879385425461895"
