CAR_DRIVER,CAR_PASSENGER,BIKE,BUS_TRAM,TRAIN,WALK
"0.06648749878716105","0.0946346663264072","0.31140919258819166","0.1595497941828921","0.021127986740513607","0.34679086137483434"
"0.05957417388830241","0.06991536127678698","0.515885382735615","0.07469639879915654","0.01858834416024719","0.2613403391398919"
"0.04664304096303543","0.074894189459356","0.5152202348036922","0.15066437321876727","0.020706165723765366","0.19187199583138373"
"0.07229968052052685","0.0719274197944323","0.4442014409149105","0.07668570957547653","0.018970672502296716","0.3159150766923571"
"0.04187614935689202","0.02423505852661588","0.7346882059860302","0.06336405376763012","0.020019918861885696","0.11581661350094608"
