CAR_DRIVER,CAR_PASSENGER,BIKE,BUS_TRAM,TRAIN,WALK
"0.04532318441398232","0.13468410026267374","0.25900215881658567","0.17075920155690025","0.01692358001978029","0.3733077749300777"
"0.0","0.010617682196736115","0.9601104388118105","0.016359381638548633","0.010620345940388081","0.002292151412516665"
"0.008737000966193861","0.061829752915217154","0.6487472750937581","0.1269493560038435","0.014102970181074844","0.13963364483991259"
"0.01908563163971825","0.029358924673615856","0.7896159034944379","0.02069840813233557","0.011810158494244745","0.12943097356564773"
"0.0","0.013209504770098945","0.9388790700338162","0.023572799448072314","0.011364862291112552","0.012973763456899962"
