CAR_DRIVER,CAR_PASSENGER,BIKE,BUS_TRAM,TRAIN,WALK
"0.024328611234567574","0.04936380741501686","0.6739928835851402","0.018932750677975573","0.02150626345638468","0.21187568363091516"
"0.0","0.013996641019254871","0.8897942657590404","0.040963049879931754","0.01926153034736549","0.03598451299440747"
"4.5416345356012207E-4","0.024654016682848737","0.8079714343174429","0.06679798782948493","0.01973280272125152","0.08038959499541175"
"0.02057712327636473","0.08640208526919196","0.5652964559476233","0.07454597736343377","0.01812496172657733","0.2350533964168089"
"0.023784327741327466","0.04393871023133413","0.697194413052362","0.012413960181084618","0.021233915162841715","0.20143467363105008"
